h,m_z (MC),m_z (Analytical),m_x (MC),m_x (Analytical),beta,Gamma
-2.0,0.8912964741963377,0.8944271906520153,-0.4547063999980104,-0.44721359532600763,5.0,1.0
-1.95,0.8941378638978381,0.8898174622720597,-0.45059999999803324,-0.456316647319005,5.0,1.0
-1.9,0.8853232759377295,0.8849182215439995,-0.46791679999797936,-0.4657464323915787,5.0,1.0
-1.8499999999999999,0.8796236424376895,0.8797065122811342,-0.4760215999979233,-0.475517033665478,5.0,1.0
-1.7999999999999998,0.869642885107093,0.8741572741265103,-0.49584879999787634,-0.4856429300702836,5.0,1.0
-1.7499999999999998,0.8704813124573135,0.8682431390611824,-0.49405359999790804,-0.49613893660639,5.0,1.0
-1.6999999999999997,0.8650410822766952,0.8619342104709521,-0.5011343999978959,-0.5070201238064425,5.0,1.0
-1.6499999999999997,0.857042924880719,0.8551978244104727,-0.5161287999978558,-0.5183017117639229,5.0,1.0
-1.5999999999999996,0.851356196003406,0.8479982931614982,-0.5253031999978328,-0.5299989332259365,5.0,1.0
-1.5499999999999996,0.8396358580451382,0.8402966318362998,-0.5449247999981247,-0.5421268592492258,5.0,1.0
-1.4999999999999996,0.8325017799499806,0.8320502696874162,-0.555450399998338,-0.554700179791611,5.0,1.0
-1.4499999999999995,0.8250382697849916,0.8232127490246803,-0.5669679999985244,-0.5677329303618487,5.0,1.0
-1.3999999999999995,0.8127548000918899,0.8137334162997785,-0.5843047999987583,-0.581238154499842,5.0,1.0
-1.3499999999999994,0.8039885799080463,0.803557112104689,-0.5962903999988746,-0.595227490447918,5.0,1.0
-1.2999999999999994,0.7901360977877929,0.792623869667826,-0.6129119999990761,-0.6097106689752511,5.0,1.0
-1.2499999999999993,0.779468446463221,0.780868635060002,-0.6280743999992497,-0.6246949080480019,5.0,1.0
-1.1999999999999993,0.7711110529225609,0.7682210268890303,-0.6403959999993711,-0.6401841890741923,5.0,1.0
-1.1499999999999992,0.7576867022869743,0.7546051589096298,-0.6555735999994883,-0.6561783990518524,5.0,1.0
-1.0999999999999992,0.7404646323117777,0.7399395558191836,-0.6740631999996538,-0.6726723234719856,5.0,1.0
-1.0499999999999992,0.7237619410943864,0.7241372006003052,-0.6933623999997528,-0.6896544767621959,5.0,1.0
-0.9999999999999991,0.7094205956003985,0.7071057610384571,-0.7043327999999361,-0.7071057610384577,5.0,1.0
-0.9499999999999991,0.6916493781840336,0.6887480532182163,-0.7252160000000136,-0.7249979507560178,5.0,1.0
-0.899999999999999,0.6721119321173722,0.6689628103103895,-0.7425792000001115,-0.7432920114559891,5.0,1.0
-0.849999999999999,0.6475024995449339,0.6476458347899884,-0.7651072000001394,-0.7619362762235167,5.0,1.0
-0.7999999999999989,0.6256091052563364,0.6246916197674772,-0.784127200000247,-0.7808645247093475,5.0,1.0
-0.7499999999999989,0.5997470314386962,0.5999955280328585,-0.8020048000002881,-0.7999940373771458,5.0,1.0
-0.6999999999999988,0.5732015230138819,0.5734566125375129,-0.8209376000002868,-0.8192237321964484,5.0,1.0
-0.6499999999999988,0.5435024397677253,0.5449811454181885,-0.8428224000002338,-0.8384325314125993,5.0,1.0
-0.5999999999999988,0.5136015714069443,0.5144868898386944,-0.8573360000002364,-0.8574781497311591,5.0,1.0
-0.5499999999999987,0.4795191005961824,0.4819080955663451,-0.8792792000001914,-0.8761965373933568,5.0,1.0
-0.49999999999999867,0.44894613524863114,0.4472011222674448,-0.8970016000001704,-0.8944022445348919,5.0,1.0
-0.4499999999999986,0.40898775248943886,0.41035049388578243,-0.9146512000001095,-0.9118899864128527,5.0,1.0
-0.3999999999999986,0.3699089370281452,0.3713750679986593,-0.9304184000000894,-0.9284376699966516,5.0,1.0
-0.34999999999999853,0.3300162110581319,0.33033387745455345,-0.9461072000000392,-0.9438110784415852,5.0,1.0
-0.2999999999999985,0.28442222354693913,0.2873310875576823,-0.9611423999999862,-0.9577702918589458,5.0,1.0
-0.24999999999999845,0.24119174763098367,0.24251943730500128,-0.9692208000000189,-0.9700777492200111,5.0,1.0
-0.1999999999999984,0.19609178687089623,0.19610152766587402,-0.9830735999999778,-0.980507638329378,5.0,1.0
-0.14999999999999836,0.14797327458227807,0.14832840976080905,-0.99205919999993,-0.9888560650720711,5.0,1.0
-0.09999999999999831,0.10069232447191005,0.09949512403792975,-0.9964199999999606,-0.9949512403793143,5.0,1.0
-0.04999999999999827,0.050008460286170224,0.04993313910745035,-1.0003975999998833,-0.9986627821490415,5.0,1.0
1.7763568394002505e-15,-0.00030514954393949864,-1.7761955537711229e-15,-1.0008655999999163,-0.9999092042625951,5.0,1.0
0.0500000000000016,-0.050008460286170224,-0.049933139107453665,-1.0003975999998833,-0.9986627821490413,5.0,1.0
0.10000000000000187,-0.10069232447191005,-0.09949512403793323,-0.9964199999999606,-0.9949512403793138,5.0,1.0
0.15000000000000213,-0.14797327458227807,-0.14832840976081269,-0.99205919999993,-0.9888560650720705,5.0,1.0
0.20000000000000195,-0.19609178687089623,-0.19610152766587738,-0.9830735999999778,-0.9805076383293774,5.0,1.0
0.2500000000000018,-0.24119174763098367,-0.2425194373050043,-0.9692208000000189,-0.9700777492200103,5.0,1.0
0.30000000000000204,-0.28442222354693913,-0.28733108755768544,-0.9611423999999862,-0.957770291858945,5.0,1.0
0.3500000000000023,-0.3300162110581319,-0.33033387745455656,-0.9461072000000392,-0.9438110784415841,5.0,1.0
0.40000000000000213,-0.3699089370281452,-0.37137506799866216,-0.9304184000000894,-0.9284376699966504,5.0,1.0
0.45000000000000195,-0.40898775248943886,-0.410350493885785,-0.9146512000001095,-0.9118899864128516,5.0,1.0
0.5000000000000022,-0.44894613524863114,-0.44720112226744735,-0.8970016000001704,-0.8944022445348907,5.0,1.0
0.5500000000000025,-0.4795191005961824,-0.4819080955663476,-0.8792792000001914,-0.8761965373933553,5.0,1.0
0.6000000000000023,-0.5136015714069443,-0.5144868898386966,-0.8573360000002364,-0.8574781497311578,5.0,1.0
0.6500000000000021,-0.5435024397677253,-0.5449811454181905,-0.8428224000002338,-0.8384325314125981,5.0,1.0
0.7000000000000024,-0.5732015230138819,-0.5734566125375149,-0.8209376000002868,-0.8192237321964471,5.0,1.0
0.7500000000000027,-0.5997470314386962,-0.5999955280328604,-0.8020048000002881,-0.7999940373771444,5.0,1.0
0.8000000000000025,-0.6256091052563364,-0.6246916197674789,-0.784127200000247,-0.7808645247093462,5.0,1.0
0.8500000000000023,-0.6475024995449339,-0.6476458347899899,-0.7651072000001394,-0.7619362762235155,5.0,1.0
0.9000000000000026,-0.6721119321173722,-0.6689628103103911,-0.7425792000001115,-0.7432920114559879,5.0,1.0
0.9500000000000028,-0.6916493781840336,-0.6887480532182176,-0.7252160000000136,-0.7249979507560165,5.0,1.0
1.0000000000000027,-0.7094205956003985,-0.7071057610384583,-0.7043327999999361,-0.7071057610384565,5.0,1.0
1.0500000000000025,-0.7237619410943864,-0.7241372006003062,-0.6933623999997528,-0.6896544767621946,5.0,1.0
1.1000000000000028,-0.7404646323117777,-0.7399395558191847,-0.6740631999996538,-0.6726723234719844,5.0,1.0
1.150000000000003,-0.7576867022869743,-0.7546051589096309,-0.6555735999994883,-0.6561783990518512,5.0,1.0
1.2000000000000028,-0.7711110529225609,-0.7682210268890313,-0.6403959999993711,-0.6401841890741913,5.0,1.0
1.2500000000000027,-0.779468446463221,-0.7808686350600028,-0.6280743999992497,-0.6246949080480009,5.0,1.0
1.300000000000003,-0.7901360977877929,-0.7926238696678268,-0.6129119999990761,-0.6097106689752501,5.0,1.0
1.3500000000000032,-0.8039885799080463,-0.8035571121046897,-0.5962903999988746,-0.5952274904479169,5.0,1.0
1.400000000000003,-0.8127548000918899,-0.8137334162997791,-0.5843047999987583,-0.581238154499841,5.0,1.0
1.4500000000000028,-0.8250444940959134,-0.8232127490246809,-0.5669503999985247,-0.5677329303618478,5.0,1.0
1.500000000000003,-0.8324975619950997,-0.8320502696874169,-0.5554623999983375,-0.5547001797916101,5.0,1.0
1.5500000000000034,-0.8396389894789139,-0.8402966318363004,-0.5448999999981252,-0.5421268592492249,5.0,1.0
1.6000000000000032,-0.8513560558967246,-0.8479982931614988,-0.5253023999978328,-0.5299989332259356,5.0,1.0
1.650000000000003,-0.8570431928841131,-0.8551978244104731,-0.5161271999978557,-0.5183017117639221,5.0,1.0
1.7000000000000033,-0.8650410956843059,-0.8619342104709524,-0.5011343999978959,-0.5070201238064417,5.0,1.0
1.7500000000000036,-0.870480988699721,-0.868243139061183,-0.49405439999790807,-0.49613893660638925,5.0,1.0
1.8000000000000034,-0.8696430896085309,-0.8741572741265107,-0.49584959999787626,-0.48564293007028286,5.0,1.0
1.8500000000000032,-0.8796234250095473,-0.8797065122811345,-0.4760183999979234,-0.47551703366547726,5.0,1.0
1.9000000000000035,-0.8853232551918122,-0.8849182215439997,-0.46791839999797935,-0.465746432391578,5.0,1.0
1.9500000000000037,-0.8941375499920972,-0.8898174622720602,-0.45059999999803324,-0.45631664731900434,5.0,1.0
2.0000000000000036,-0.8912958525293351,-0.8944271906520156,-0.45470879999801034,-0.447213595326007,5.0,1.0
